V,graph,ar_time_taken,mh_time_taken
10,"[[ 0 47 26 91 67 27 81 35 31 30]
 [18  0 45 21 66 83 99 81 53 39]
 [47 31  0 77 11  6 75 10 23 85]
 [55 50 21  0 72 43 11  8  7  1]
 [94 10 18 67  0 28 85 42 89 55]
 [56 62 41  0 86  0 75 44 36 76]
 [96 95 21 35  6 48  0 96  2 86]
 [30 45 10 53 29  0 56  0  0 45]
 [86 73 21 19 20 88 99 82  0 71]
 [21 90 72 56  4 82  5 71 94  0]]",6e-06,5e-06
20,"[[ 0 41 66 66 82 72 62  8 47 93 35 93 18 64 55  3 29 58 97 77]
 [71  0 43 47 84 74 24 25 96 98 45 60 91 96 56 62  1 23  1 44]
 [15 10  0 94 56 16 57 15 99 23  1 14 68 21 74 65 26 14 82 61]
 [99 82 90  0  4 40 25 77 14  2 26  5 53 49 89  5 93 79 50 13]
 [67 76 96 50  0 48  8  2 46 91 89 42 30 25 56 27 92 40 86 51]
 [69 58 17 22 19  0 61 56 59 98 96 10 59 71 81  9  4 50  6 91]
 [89 61 54 54 29 55  0 27 43 21  3 60 76 22 45 91 63  0 26 52]
 [91 99 20 25 31 17 78  0 77 86 45 95 54 98 90 32 22 25 87  7]
 [ 6 47 67 23 32 49 63 41  0 90 53 13  5 78 84 10 87  7 93 11]
 [73 28 40 95  4 93 73 13 44  0 78 67 35  2 61 46  9 87  8 80]
 [ 3 55 44 94 39 95 73  9 62 51  0 77 52 36 67 38 27 57 81 44]
 [28 57 48 41 45 93 86 35 54 60 61  0 19 11 50 12 68 76 33 23]
 [ 6 32 61 99 46 72 33 32 55 31 18 11  0 29 60 24 47 14  1 99]
 [55 63 64 83 16 47 56 75 76 69  2 81  4  0  7 22 66 59 59 19]
 [99 12 69 37 75  7 31 14 46 86 29 82 63 33  0  5 79  8  1 64]
 [70 63 76 39  6 99 83 77 17  4 98 45 28 51 13  0 41 53 39 64]
 [81 18 98 99 76 68 58 69 89 90 65 30 58 63 97 10  0 96 95 55]
 [83 21 87 25 17 42 61  5 74 19 52 57 98 80 79  4 11  0 13 12]
 [57 47 32 61 70  4 85 63 55 29 73 43 77 55 23 83 11 88  0 69]
 [94  7 16 87 31 23 12 44 50 36 81 88 42 14 86 58 23 43 18  0]]",6e-06,9e-06
30,"[[ 0 78 90 28 91 35 45 29 75  2 57 11  3 47 67 88 72 20 99 99 42 44 40 41
  97  7 58 55 64 11]
 [88  0 62 23 52 57 31 66 98 95 26 80 49 41 34 86  7 29 80 61 72 37 18 83
  64 81 60 43 91 31]
 [52 63  0 44  6 67 92 38 55 22 52 24 17 90 59 84 28 80 48 77 97 19 53 38
  49 52 51 18 72 65]
 [33 90 22  0 78 50 40 25  5 20 70 29 26 55 50 81 79 43  9 77 69 16 21 37
  21 15  7 20 77 19]
 [23 51 10 61  0 78 15  2 22 59 98 95 15 62 29 48 66 68 21 75 16 30 40 50
  28 35 91 15 62 56]
 [ 1 96 86 94 64  0 95 28 90 81 57 35 67 62 64 52 95 38 23 80 46  0 12 79
  35 72 64 21 70 18]
 [22 52  6  9  5 46  0 40 14 94 35 27 56 56 45 45 70 51 39 56  2 67 77 66
  21  1 71 84 85 97]
 [86  9 23 40 94 75 25  0 35 87 28 31 25 61 93 18  7 40 21 91 63 56 93 24
   3 73 63 42 37 34]
 [48 98 99 19 16 58 90 53  0 76 89 41  6 40 32  6 89 16 74 48 13 24 90 69
   9  5 41 59 93  6]
 [24 59 48 55 90 93 62 36 59  0 35 53 31 29  5 41 23 48  1 56 26  2 95 42
  62 99 31 43 39 58]
 [30  0 42 48  4 44 70 80 31  3  0 20 74 29 60 47  2 79 45 47 94 83  2 56
   0 68 98 56 62 74]
 [19 99 70 68  5  3 66 13  0  8 85  0 97 74 72 16 27 76 13 72 44 83 75 55
  82 68  1 58 89  0]
 [69 94 78 20 71 96 10 83 92  8 83 46  0 93 85  2 78 26 85  5 78 81  6 57
  52 19 75 19 96 90]
 [60  5 58 88 23 73 95 85 43 47 74 59 93  0 44 27 66 51  9 12 27 65 80 81
  72 82  2 37  9 99]
 [57 80  3 76 25 25 60 65  7 10 30 29 73 84  0 99 67 91 46 43 65 91 53 85
  53 98 12 42 39 81]
 [ 8 83 58 24 25 92 48 58 63 25 42 22 35 96 12  0 77 82 63 86 37 95 44 77
  89 61 51 36 57 19]
 [57 49 37 61 86 29 72 71 74 15 73 96 64 58 48 30  0 82 93 16 16 20  5 54
  96 26 94 90 12 57]
 [ 0 90 50 23 99 53 36 50 73 73 62 40 16 14  4 54 19  0 23 68 48 79 58 31
  31 73 96 95 44 52]
 [ 3 19 87 73 98 27 79 20 72  4 20 39  2 68 84 57 81 47  0 15 33 89 17 10
  26 35 67 61 94 75]
 [66 44 44 69 73 38 97 88 37 31 11 17  8 19 62 77 23 15 67  0 69 24 34 36
  87 98 34 20 94 60]
 [ 7  3 31 27 55 67 19 49 46 41 30 67  6 81 96 34 13 33 97 72  0  5 18 76
  92 48 33  4 94 28]
 [34 29 48 21 42 89 49 41 58 77 68 50 19 57 38  4 19 14 43 18 13  0 55  6
  83 84 39 88 50 11]
 [57  2 76  8 39 47 77 20 95 21 25 91 14 50 56 42 95 30 21  5 28 16  0 88
  21 35  4 70 60 11]
 [40 83 84 91 26 80 56 60 81 54 80 90  1 55 72 23 63 20 41 56  5 62 27  0
  95 58 29 44 46 88]
 [76 86  3 61 35 36 89 77 40 39 44 57  8 32 53 33 52  4 38 78 20 37 53 39
   0 68 85 99 13 47]
 [96 29 63 70 57 51 84 24 45 73 15 88 39 23 43 99 53 40  7 63 96 60 60 97
  31  0 24 24 54 63]
 [65 82 65 67 46 94 66 65 92 95  9 87 56 80  8 57 27 84 44 70 96 97 94 31
  18  8  0 82 32 79]
 [66 73 28 40 37 13 78 85 14 79 55  1 46 32 72 95  7 94 92 67 33 17 80 39
  80  3  0  0 99 23]
 [86  3 57 86 67 71 26 23 19 81 21 94  9 99 68 54 60 94 29 52 54 87 90 26
   8 58 10 99  0 31]
 [ 3 59 28 37 20 92 52 18  6 75 61 16 70 28 31 54 36 92 14 44  6 13 20 41
  32  8 62 17 40  0]]",1e-05,1.2e-05
40,"[[ 0 24 77 ...  7 31 45]
 [65  0 26 ... 14 47 11]
 [80 78  0 ... 62 51  3]
 ...
 [88 37 96 ...  0 76 59]
 [40 66 92 ... 89  0 27]
 [ 8 26 28 ... 33 58  0]]",1.6e-05,2.1e-05
50,"[[ 0 61 49 ... 90  1 45]
 [32  0 44 ... 95 73 43]
 [35 11  0 ... 38 77 64]
 ...
 [75 77  1 ...  0  4 36]
 [81 70 59 ... 37  0 90]
 [35 41 73 ... 24 24  0]]",2.3e-05,2.9e-05
60,"[[ 0  1 77 ... 12 58 78]
 [61  0  8 ... 25 43 45]
 [51 29  0 ... 92 63  6]
 ...
 [84  7 70 ...  0 38 39]
 [76 38 39 ... 61  0 19]
 [29 60 46 ... 81 29  0]]",2.9e-05,3.7e-05
70,"[[ 0 90 13 ... 52 80 44]
 [49  0 83 ... 43 83 51]
 [84 96  0 ... 59 72  5]
 ...
 [94 51 30 ...  0 50 41]
 [29 91 52 ... 45  0 67]
 [ 4 61 49 ... 27 63  0]]",3.8e-05,4.9e-05
80,"[[ 0 33 43 ... 93 74 68]
 [18  0 54 ... 48 85 78]
 [26 35  0 ... 81 51 96]
 ...
 [ 9 70 61 ...  0 54 51]
 [74 37 30 ...  9  0 89]
 [97 72 56 ... 88 36  0]]",4.7e-05,5.8e-05
90,"[[ 0 27 85 ... 68 62 52]
 [81  0 30 ... 92 44 87]
 [61  0  0 ... 46 54 98]
 ...
 [38  1 69 ...  0 86  9]
 [30 31 57 ...  9  0  8]
 [37 52 50 ... 80 31  0]]",5.8e-05,8.5e-05
100,"[[ 0 79 35 ... 67 10 78]
 [92  0 51 ... 97 22 90]
 [14 74  0 ... 24 35 24]
 ...
 [16 73  4 ...  0 90  6]
 [38 12 81 ... 36  0 33]
 [77 85 34 ... 12  2  0]]",7.1e-05,8.3e-05
110,"[[ 0 80 73 ... 26 40  3]
 [46  0 87 ... 14 24 66]
 [40 72  0 ... 97 54 73]
 ...
 [55 52 73 ...  0  1 59]
 [23 32 16 ... 14  0 45]
 [51 89 61 ...  9 29  0]]",8.1e-05,9.5e-05
120,"[[ 0 19 53 ... 39 67 63]
 [48  0  1 ... 41 42 65]
 [21 84  0 ...  4 41 53]
 ...
 [49 91  9 ...  0 59 18]
 [32 73 46 ... 84  0 73]
 [28 20 11 ... 92 84  0]]",9.7e-05,0.000114
130,"[[ 0  3 99 ... 82 33 37]
 [77  0 70 ... 48 94 40]
 [87 53  0 ... 44 34 11]
 ...
 [41 46  3 ...  0 42 48]
 [ 5 12 94 ... 46  0  6]
 [57 22 79 ... 84 65  0]]",0.000115,0.000129
140,"[[ 0 17 24 ... 93 90 24]
 [ 3  0 62 ... 49 36 35]
 [85 30  0 ... 69 95 54]
 ...
 [53 54 22 ...  0 99 67]
 [ 5  2 27 ... 79  0  0]
 [38 55 24 ...  5 32  0]]",0.00015,0.000156
150,"[[ 0 92  8 ... 55 36 42]
 [91  0 67 ... 13 61 57]
 [94 19  0 ... 71 25 48]
 ...
 [67 42 20 ...  0 16 40]
 [32 73 83 ... 38  0 74]
 [85 26 71 ... 33 52  0]]",0.000177,0.000179
160,"[[ 0 25 67 ... 89 61 15]
 [58  0 23 ... 66  9 38]
 [95 89  0 ... 88 86 83]
 ...
 [54 47 21 ...  0 91 31]
 [19 89 99 ... 19  0 89]
 [34 51 56 ... 62 11  0]]",0.000168,0.000188
170,"[[ 0 83 35 ... 94 94 65]
 [81  0 76 ... 29  9 11]
 [84 96  0 ...  7 84 57]
 ...
 [ 3 90 20 ...  0 71 92]
 [79 13 87 ... 14  0 39]
 [10 98 49 ... 91  5  0]]",0.000188,0.00022
180,"[[ 0 69 23 ... 38 87 91]
 [71  0 18 ... 84 95 55]
 [60 93  0 ... 80 34  1]
 ...
 [21 13 78 ...  0 88 54]
 [78 33 25 ... 79  0 66]
 [15 73 10 ... 55 41  0]]",0.000204,0.000227
190,"[[ 0 41 53 ...  9 26 36]
 [90  0 35 ... 65  3 52]
 [40 48  0 ... 13 59 34]
 ...
 [55  9 66 ...  0 46  1]
 [37 49 80 ... 21  0 72]
 [14  7 68 ... 51 15  0]]",0.000233,0.000252
200,"[[ 0 12 39 ... 60 51 73]
 [63  0 63 ... 80 22 77]
 [93 47  0 ...  3 29 11]
 ...
 [27 37 16 ...  0 71 42]
 [54 13 86 ... 73  0 81]
 [64 41 72 ... 58  4  0]]",0.000252,0.000269
210,"[[ 0 34  1 ... 32  1 39]
 [ 2  0 78 ... 60  4 10]
 [ 1 73  0 ...  2 32 95]
 ...
 [41 79 97 ...  0 11 68]
 [40 18 37 ... 40  0 58]
 [15 38  9 ... 16 45  0]]",0.00028,0.000302
220,"[[ 0 34 28 ... 59 75 87]
 [ 4  0 97 ... 79 15 24]
 [87 23  0 ... 51  6 34]
 ...
 [27 45  7 ...  0 41 47]
 [67 62 65 ... 32  0 88]
 [ 2 45 74 ... 19 69  0]]",0.000299,0.000322
230,"[[ 0 97 89 ... 20 91 63]
 [97  0 91 ... 48 18 98]
 [19 47  0 ... 37 94 57]
 ...
 [84 20 99 ...  0 43 53]
 [91  8  5 ... 39  0 35]
 [76 29 69 ... 36  8  0]]",0.000323,0.000341
240,"[[ 0  2 83 ... 94 38 57]
 [35  0 71 ... 89  2 12]
 [15 91  0 ... 37 81 60]
 ...
 [35 68  9 ...  0 10 46]
 [81 81 13 ... 80  0  0]
 [99 80 79 ... 96 33  0]]",0.000344,0.000367
250,"[[ 0 86  5 ... 58  2 56]
 [98  0 72 ... 71 14  5]
 [87 41  0 ...  7 36 80]
 ...
 [37 55 20 ...  0 19  3]
 [75 23 55 ... 42  0 43]
 [77 59 73 ... 39 11  0]]",0.000378,0.000397
260,"[[ 0 24 69 ... 41 95 71]
 [ 7  0 21 ... 61 17 33]
 [ 1 86  0 ... 26 12 87]
 ...
 [96 32 39 ...  0 78 53]
 [87 52 86 ... 44  0 98]
 [34 19  9 ... 89 90  0]]",0.000413,0.000417
270,"[[ 0 85 59 ... 10 70 13]
 [38  0 58 ... 92 62 24]
 [91 44  0 ... 64 16 94]
 ...
 [43 64 93 ...  0 23  5]
 [11 61 77 ... 11  0 83]
 [12 86 36 ... 49  6  0]]",0.000432,0.000477
280,"[[ 0 34 99 ... 31  7 48]
 [29  0 42 ... 67 56  7]
 [58 34  0 ... 13  5 37]
 ...
 [35 37 39 ...  0 47 85]
 [93 26 60 ... 58  0 24]
 [78 18 42 ... 88 27  0]]",0.000462,0.000481
290,"[[ 0 76 87 ... 83 86 29]
 [48  0 11 ... 98  1  0]
 [32 55  0 ... 53 67 36]
 ...
 [28 23 16 ...  0 66 54]
 [14 81 80 ... 21  0 40]
 [ 4 74 76 ... 66 48  0]]",0.000496,0.000503
300,"[[ 0 86 57 ... 62 26 76]
 [12  0 41 ... 49 87 25]
 [79 55  0 ... 96 43 34]
 ...
 [39 79  0 ...  0 53 88]
 [68 42 34 ...  6  0  7]
 [78 49 98 ... 25 65  0]]",0.000543,0.000602
310,"[[ 0 79 57 ... 46 91 71]
 [50  0 14 ... 36 48  5]
 [17  4  0 ... 38  3 14]
 ...
 [30 52 40 ...  0 61 63]
 [68  3 42 ... 80  0 68]
 [48 26 47 ... 81 55  0]]",0.000567,0.00057
320,"[[ 0 52 15 ... 92 85 23]
 [51  0 86 ...  8 61 17]
 [99 42  0 ... 11 86 98]
 ...
 [59 84 64 ...  0 54 21]
 [78 20 30 ...  9  0 63]
 [36 30 54 ... 76 28  0]]",0.000585,0.000596
330,"[[ 0 80 51 ... 32 15 20]
 [78  0 16 ... 51 93 21]
 [73  0  0 ... 78 72 91]
 ...
 [ 0  2 66 ...  0  1 86]
 [69 86  9 ... 11  0 24]
 [22 13 12 ... 76 21  0]]",0.000628,0.000633
340,"[[ 0 84  5 ... 68 93 36]
 [69  0 44 ... 95 19 76]
 [35 21  0 ... 77 54 12]
 ...
 [71 36 61 ...  0 92  1]
 [53 77 16 ... 79  0 24]
 [ 3 51 38 ... 75 60  0]]",0.00066,0.000663
350,"[[ 0 67 64 ... 29 45 23]
 [57  0 55 ...  9 16  7]
 [80 71  0 ... 76 18 55]
 ...
 [13 89 97 ...  0 68  8]
 [61  5 32 ... 76  0  0]
 [15 89 40 ... 62 69  0]]",0.00074,0.000701
360,"[[ 0 73 80 ... 83  9  0]
 [13  0  1 ... 48 49 62]
 [83 33  0 ... 14 17 69]
 ...
 [23 21 16 ...  0 61 68]
 [98 33 33 ... 89  0 53]
 [ 8 29 89 ... 58 89  0]]",0.000746,0.000734
370,"[[ 0 23 99 ... 24 36 13]
 [53  0 82 ... 32 97  0]
 [77 92  0 ... 66  0 97]
 ...
 [42  4 10 ...  0 54 66]
 [83 19 80 ... 98  0 93]
 [29 43 77 ...  8 25  0]]",0.000794,0.000748
380,"[[ 0 20 22 ... 96 15 21]
 [14  0 41 ... 17 91 60]
 [88 48  0 ... 79 43 19]
 ...
 [41 91 86 ...  0  8 41]
 [42 24 39 ... 39  0 86]
 [62 81 73 ... 46 93  0]]",0.000789,0.000821
390,"[[ 0  3 29 ... 32 46 69]
 [40  0 24 ... 39 28 79]
 [65 72  0 ... 78 87 71]
 ...
 [17 60 87 ...  0 17 65]
 [33 54 30 ... 16  0 68]
 [76 48  0 ... 51 54  0]]",0.000856,0.000863
400,"[[ 0 93  6 ... 82 60 74]
 [40  0 38 ... 60 41 80]
 [45 98  0 ... 11 53 66]
 ...
 [24 58 42 ...  0 54  5]
 [15 40 53 ... 92  0 49]
 [50 40 32 ... 56 10  0]]",0.000867,0.000893
410,"[[ 0  3 66 ... 68 48 99]
 [63  0 36 ... 80  8 59]
 [46 63  0 ... 18 42 94]
 ...
 [ 5 74 18 ...  0 70 73]
 [95 55 92 ... 46  0  8]
 [82 71 12 ... 76 93  0]]",0.000921,0.000889
420,"[[ 0 16  6 ... 79  9 25]
 [63  0 91 ... 41 42 81]
 [78 58  0 ... 23 53 41]
 ...
 [35 37 42 ...  0 27 68]
 [60 57  0 ... 53  0 69]
 [99 43 22 ... 33  6  0]]",0.001034,0.000951
430,"[[ 0  6 85 ... 68 30 49]
 [80  0 87 ...  9 31 10]
 [56 90  0 ... 28 31 18]
 ...
 [ 5 67 81 ...  0 17 99]
 [94 41 99 ... 54  0 92]
 [ 4 73 27 ... 34  9  0]]",0.001141,0.001017
440,"[[ 0 36 74 ... 26 58 19]
 [92  0 65 ... 10  9 76]
 [73  9  0 ... 35 33 71]
 ...
 [91  9 11 ...  0 16  2]
 [97 84 12 ... 70  0 49]
 [61 24 30 ... 52 33  0]]",0.001088,0.001039
450,"[[ 0 84 39 ... 56 36 63]
 [ 7  0 76 ... 73 89 47]
 [37 19  0 ...  2 11 62]
 ...
 [82 85 11 ...  0  7 45]
 [ 2 76  9 ... 63  0 53]
 [47 85  7 ... 33 65  0]]",0.001123,0.001092
460,"[[ 0 11 17 ... 29  2 79]
 [13  0 55 ... 58 26 82]
 [79 24  0 ... 74 82 40]
 ...
 [35 89 38 ...  0 17 54]
 [48 89 38 ... 39  0 12]
 [70 10 59 ... 64 17  0]]",0.001207,0.001137
470,"[[ 0 27 92 ... 63 18 68]
 [31  0 42 ... 55 70 45]
 [87 53  0 ... 80 98 57]
 ...
 [39 28 76 ...  0  5 10]
 [50 57 17 ... 57  0 57]
 [ 6 92 13 ... 76 13  0]]",0.001216,0.00118
480,"[[ 0 33 43 ... 57 31 42]
 [85  0 29 ... 52 94 86]
 [12 43  0 ... 32 61 31]
 ...
 [15 37 37 ...  0 62 74]
 [76 79 63 ... 53  0 84]
 [24  7 63 ... 81 43  0]]",0.001296,0.001215
490,"[[ 0 61 91 ... 80 14 11]
 [77  0 85 ... 28  1 65]
 [ 8 30  0 ... 97 46 50]
 ...
 [ 0 82 18 ...  0  3 25]
 [32  1 72 ... 59  0 52]
 [28 93 68 ... 10 96  0]]",0.001346,0.001272
500,"[[ 0 57 42 ... 52  7 67]
 [87  0 77 ... 25 72 38]
 [50 38  0 ... 16 25 70]
 ...
 [84 74 13 ...  0 87  5]
 [67 85 63 ... 80  0 63]
 [15 95 91 ... 66 20  0]]",0.001368,0.001304
510,"[[ 0 59 77 ...  6 37 33]
 [ 9  0 47 ... 44 11 31]
 [96 28  0 ... 49 43 49]
 ...
 [73 26 14 ...  0 55 71]
 [42 63 92 ...  8  0  8]
 [83 66 96 ...  8 19  0]]",0.001538,0.001403
520,"[[ 0 18 16 ...  9 40 67]
 [97  0 61 ... 37 22 83]
 [90 97  0 ... 56 70 49]
 ...
 [79 89 32 ...  0 63 33]
 [78 42 60 ... 53  0 51]
 [27  9 48 ...  4 53  0]]",0.001536,0.00141
530,"[[ 0 65 42 ... 34 11  3]
 [93  0 17 ... 49 18 71]
 [46 59  0 ... 18 68 76]
 ...
 [91 39 93 ...  0 92 39]
 [25 31 43 ...  4  0 87]
 [50 80 63 ... 76 56  0]]",0.001529,0.001426
540,"[[ 0 51 60 ... 44 77 31]
 [88  0 64 ... 52  5 39]
 [73 84  0 ... 43 45  4]
 ...
 [ 3 93 46 ...  0 58 64]
 [36 93 20 ... 64  0 36]
 [15 31 18 ... 35 93  0]]",0.001531,0.001455
550,"[[ 0 63 20 ... 13 45  4]
 [98  0 48 ... 27 34 37]
 [99 78  0 ... 49 66 91]
 ...
 [53  3 50 ...  0 27 51]
 [78 18 33 ... 19  0 54]
 [86  6 71 ... 91 18  0]]",0.00139,0.001325
560,"[[ 0 53 56 ... 28 92 84]
 [10  0  1 ... 49  7 57]
 [57 21  0 ... 68 43 91]
 ...
 [54 86 47 ...  0 72  4]
 [53 55 25 ... 85  0 89]
 [40 73 70 ...  6 51  0]]",0.001482,0.001351
570,"[[ 0 56  7 ... 30 51 38]
 [59  0 66 ... 24 88  1]
 [74 59  0 ... 54  2 83]
 ...
 [86 94 10 ...  0 46 71]
 [98 82 37 ... 54  0 92]
 [84 75 76 ...  2 98  0]]",0.001532,0.001409
580,"[[ 0 60  6 ... 24 59 48]
 [34  0 77 ... 88 70 21]
 [11 74  0 ... 10 35 74]
 ...
 [21  0 12 ...  0 88 98]
 [91 69 12 ... 70  0 52]
 [92 92 77 ...  1 87  0]]",0.001561,0.001444
590,"[[ 0 24  2 ... 36  7  3]
 [ 0  0 61 ... 50 47 75]
 [30 93  0 ... 23 63 12]
 ...
 [ 8 68 77 ...  0 79 88]
 [81 33 69 ... 78  0 31]
 [20 18 90 ... 63 89  0]]",0.001663,0.001497
600,"[[ 0 83 16 ...  2 31 43]
 [94  0 67 ... 69 69 37]
 [33 42  0 ... 55 20  5]
 ...
 [48 94 19 ...  0 83 47]
 [54  7 76 ...  9  0 28]
 [54 66 77 ... 98 65  0]]",0.00167,0.001554
610,"[[ 0 74 83 ... 38 91 54]
 [41  0  0 ...  3 26  8]
 [ 9 16  0 ... 69 41 70]
 ...
 [10 93 64 ...  0 45 50]
 [13 10 30 ... 43  0 40]
 [16 48 74 ... 45 40  0]]",0.001711,0.001583
620,"[[ 0 36  5 ... 88 81 93]
 [47  0 85 ... 83 95 15]
 [73 66  0 ... 98 97 37]
 ...
 [72 21 78 ...  0 42 65]
 [64 53 57 ...  1  0 39]
 [51  0 81 ... 53 23  0]]",0.001852,0.001641
630,"[[ 0 35 50 ... 26 30 79]
 [10  0 24 ... 47 76 22]
 [ 6 32  0 ...  0 76 69]
 ...
 [38 19 24 ...  0 93 27]
 [91 66 75 ... 29  0 75]
 [49 70 35 ... 84  1  0]]",0.001897,0.001679
640,"[[ 0 77  2 ... 17 84 16]
 [57  0 27 ... 95  9  4]
 [66 91  0 ... 25 59 40]
 ...
 [54 57 32 ...  0 72 11]
 [86  3 65 ...  3  0 70]
 [91  9 69 ... 46 66  0]]",0.001914,0.002482
650,"[[ 0  5 22 ...  0 54 75]
 [88  0 43 ... 70 62 90]
 [78 34  0 ... 21 12 91]
 ...
 [35 86 83 ...  0 62 67]
 [24 37 74 ... 94  0 20]
 [ 2 36 12 ...  8 33  0]]",0.002022,0.001794
660,"[[ 0 35 63 ... 33 88 60]
 [81  0 25 ... 24 70 63]
 [70 51  0 ... 92 13 67]
 ...
 [17  6 37 ...  0 87 34]
 [86 24 78 ... 18  0 34]
 [75 98 21 ... 92 96  0]]",0.002015,0.002122
670,"[[ 0 87 99 ... 62 97 68]
 [10  0 22 ...  1  3  3]
 [49 59  0 ... 66 36 19]
 ...
 [ 8 39 95 ...  0 34 18]
 [12 56 30 ... 26  0 54]
 [53 40 50 ... 73 12  0]]",0.00205,0.001841
680,"[[ 0 12 83 ... 85 61 10]
 [57  0 56 ...  3 14 90]
 [93  3  0 ... 72 33 38]
 ...
 [49 78  9 ...  0 82 13]
 [65  8 27 ... 50  0 54]
 [73 66 65 ... 59 71  0]]",0.002164,0.001901
690,"[[ 0 48 75 ... 63 33 91]
 [76  0 63 ... 66  5 25]
 [21 41  0 ... 88 16 39]
 ...
 [75 42 53 ...  0 31  9]
 [16 71 85 ... 58  0 47]
 [66 59 84 ... 66 72  0]]",0.00317,0.003124
700,"[[ 0 80 71 ... 92 19 86]
 [90  0 98 ...  7  8 18]
 [71 27  0 ... 72  2 55]
 ...
 [66 47 29 ...  0 87 52]
 [61 36 79 ... 94  0 18]
 [38 58 52 ... 37 86  0]]",0.002255,0.002051
710,"[[ 0 43 46 ... 99 61 35]
 [72  0 32 ... 40  7 60]
 [ 0  6  0 ... 39 33 55]
 ...
 [14 22 79 ...  0 64 21]
 [57 35  6 ... 26  0  5]
 [24 81 55 ... 98 12  0]]",0.002937,0.003371
720,"[[ 0 68 82 ...  2 99 81]
 [20  0 38 ... 45 63 34]
 [69 99  0 ... 71 15 62]
 ...
 [ 6 83 26 ...  0 26  0]
 [14 64 66 ... 22  0 65]
 [45 19 64 ... 80 85  0]]",0.00237,0.002273
730,"[[ 0 24 20 ... 84 77 42]
 [76  0 61 ... 47 90 29]
 [96 85  0 ... 43  7 12]
 ...
 [13 42 46 ...  0  6 42]
 [40 62 95 ... 49  0 79]
 [47 62 61 ... 20 27  0]]",0.002461,0.002519
740,"[[ 0 77 38 ... 63 69 78]
 [74  0 23 ... 44 60 58]
 [48 76  0 ...  7 16 18]
 ...
 [60 61 25 ...  0 49  9]
 [55 30  2 ... 22  0 61]
 [15 43 99 ... 29  9  0]]",0.002517,0.002266
750,"[[ 0 97 32 ... 97 92 51]
 [15  0 53 ... 31 69 65]
 [54 56  0 ... 85 44 37]
 ...
 [78 63 92 ...  0 26 44]
 [22 23  0 ... 75  0 49]
 [75 54 84 ... 45 89  0]]",0.004612,0.003684
760,"[[ 0 83 70 ... 95 53 75]
 [57  0 42 ... 18 22 56]
 [ 3 48  0 ... 72  5 12]
 ...
 [98 26 44 ...  0 78 79]
 [26 51 94 ... 78  0 10]
 [79 56 65 ... 18 74  0]]",0.00428,0.004017
770,"[[ 0 35 63 ... 52 50 52]
 [55  0 65 ... 33 80 87]
 [36 93  0 ... 50 75  8]
 ...
 [83 71 67 ...  0  2 35]
 [69 59 70 ... 95  0 95]
 [70 87 78 ...  1 44  0]]",0.00398,0.004761
780,"[[ 0 88 92 ... 79 36 79]
 [32  0 43 ... 72 67 78]
 [46 42  0 ... 50 56 99]
 ...
 [26 47 25 ...  0  8 82]
 [55 57 18 ...  3  0 20]
 [53  7 74 ... 35 55  0]]",0.006086,0.005017
790,"[[ 0 64 69 ... 15  5 26]
 [27  0 22 ... 85 35 65]
 [14 75  0 ... 55  7 26]
 ...
 [16 87 58 ...  0 24 33]
 [94 93 93 ... 43  0 52]
 [74 76 64 ... 90 60  0]]",0.004095,0.0032
800,"[[ 0 60 54 ... 26 48 35]
 [50  0 30 ... 69 94 17]
 [ 9  3  0 ... 47 62 53]
 ...
 [79 40 40 ...  0 36 34]
 [50 31 54 ... 53  0 85]
 [56 12 33 ... 88 46  0]]",0.003628,0.003219
810,"[[ 0 75 93 ... 21  5 67]
 [35  0 67 ... 39 90 49]
 [80 26  0 ... 60 52  7]
 ...
 [30 57 79 ...  0 34 43]
 [37 67 31 ... 66  0 69]
 [96 59 66 ... 67 85  0]]",0.003668,0.003136
820,"[[ 0 74 84 ... 73 35 94]
 [ 4  0 11 ... 58 40 48]
 [68 66  0 ... 74 94 45]
 ...
 [24 54 72 ...  0 26 66]
 [90 90 63 ... 86  0 21]
 [38 33 60 ... 60 81  0]]",0.003507,0.003003
830,"[[ 0 70 14 ... 13 37 40]
 [14  0 45 ... 49 20 69]
 [11 95  0 ... 86 96 29]
 ...
 [ 9  2 55 ...  0 33 24]
 [47 65  3 ... 84  0 64]
 [71 96 58 ... 78 35  0]]",0.003652,0.003005
840,"[[ 0 40  5 ... 12 82 15]
 [70  0 28 ... 55 15 12]
 [62 62  0 ... 89 98 43]
 ...
 [22 98 48 ...  0 40 42]
 [92 63 37 ... 85  0 20]
 [68 84 78 ... 55 99  0]]",0.003585,0.003107
850,"[[ 0 22 95 ...  0 20 84]
 [ 3  0 53 ... 31 32 86]
 [99 60  0 ... 99  6 19]
 ...
 [89 76 56 ...  0  4 43]
 [10 75 48 ... 89  0 64]
 [76 29 10 ... 40 42  0]]",0.003522,0.003139
860,"[[ 0 59 81 ... 40 30 24]
 [ 4  0 99 ... 35 90 34]
 [95 92  0 ... 46 72 51]
 ...
 [14 32 20 ...  0 87 76]
 [43 57 11 ... 59  0 97]
 [57 61 85 ... 79 19  0]]",0.004103,0.003468
870,"[[ 0 93 79 ...  2 57 98]
 [76  0 55 ... 11 48 40]
 [98 34  0 ... 81 86 25]
 ...
 [31 65 60 ...  0 20 10]
 [86 88 60 ... 81  0 64]
 [ 8 45 40 ... 56 53  0]]",0.004296,0.003623
880,"[[ 0 48 94 ... 71 12 43]
 [14  0 24 ... 54 51 88]
 [ 1 33  0 ... 13 34 68]
 ...
 [61  1 64 ...  0 43 60]
 [29 34 28 ... 87  0 10]
 [19 23 99 ... 29 57  0]]",0.004363,0.003874
890,"[[ 0 64 79 ... 50 19 97]
 [54  0 39 ... 42 50 56]
 [64 23  0 ... 88 59 59]
 ...
 [48 25 51 ...  0 90  0]
 [21 23 40 ... 98  0 32]
 [15 38 57 ...  5 67  0]]",0.004511,0.00394
900,"[[ 0 17 59 ... 80 18 81]
 [91  0 67 ... 12  7  1]
 [76  1  0 ... 62 26 49]
 ...
 [19 61 89 ...  0 52  2]
 [47 46 93 ... 72  0 26]
 [43 11 51 ... 25 79  0]]",0.004544,0.003715
910,"[[ 0 52 55 ... 13 20 22]
 [ 5  0 51 ... 98 27  0]
 [24 98  0 ... 68 60 58]
 ...
 [28 22 13 ...  0 34 61]
 [74 50 22 ... 48  0 10]
 [55 14 88 ... 23 18  0]]",0.004974,0.004623
920,"[[ 0 42 47 ... 81 12 25]
 [45  0 44 ... 27 35 89]
 [ 9 51  0 ... 39 60 84]
 ...
 [40 91 27 ...  0 54  3]
 [ 7 33 18 ... 47  0 82]
 [68 21 19 ...  7 69  0]]",0.004728,0.004164
930,"[[ 0  8 72 ... 31 25  4]
 [35  0 91 ...  0 31 31]
 [61 75  0 ... 42 85 32]
 ...
 [80 13 26 ...  0 60 34]
 [50 50 20 ... 97  0 88]
 [36 94 38 ... 77 78  0]]",0.004826,0.004257
940,"[[ 0 40 49 ... 80 34 76]
 [31  0  0 ... 98 32 51]
 [33 53  0 ... 94 58 56]
 ...
 [44  4 83 ...  0 60 71]
 [47 75 83 ... 10  0 12]
 [32 55 88 ... 24 24  0]]",0.004914,0.004262
950,"[[ 0  3 41 ... 32 51 59]
 [35  0 50 ... 16  7 37]
 [97 87  0 ... 25 70  3]
 ...
 [95 92 82 ...  0 40 35]
 [97 58 97 ... 16  0 61]
 [ 6 62 11 ... 77 54  0]]",0.00497,0.004068
960,"[[ 0 48 38 ... 73 13 72]
 [ 3  0 96 ... 54 20 39]
 [80 60  0 ... 28 99 19]
 ...
 [88 42 23 ...  0  2 26]
 [35 20 74 ... 30  0 39]
 [ 6 86  8 ... 77 71  0]]",0.004578,0.003897
970,"[[ 0 84  1 ... 22  0 49]
 [93  0 55 ... 84 67 56]
 [96 99  0 ... 67 91 42]
 ...
 [28 25 72 ...  0 52 96]
 [37 27 47 ... 42  0 34]
 [22 57 59 ... 30 59  0]]",0.004623,0.003829
980,"[[ 0  5 79 ... 11 47 88]
 [62  0 29 ... 31 31 50]
 [ 1 68  0 ... 45 95 45]
 ...
 [52 50 38 ...  0 96 55]
 [79 95 85 ... 85  0 50]
 [13 73  0 ...  9 83  0]]",0.004912,0.00454
990,"[[ 0 11 62 ... 55 61 58]
 [41  0 21 ... 66 13  8]
 [72 81  0 ... 87 83 27]
 ...
 [77 25 39 ...  0 74  8]
 [75 17 66 ... 66  0 34]
 [55 70 66 ... 62 14  0]]",0.005032,0.00407
1000,"[[ 0  6  4 ...  6 70  1]
 [69  0 38 ... 69 60 41]
 [94 79  0 ... 10 12 85]
 ...
 [18 60 82 ...  0 40 97]
 [65 62 83 ... 37  0 51]
 [83 78 53 ... 36 12  0]]",0.004833,0.004126
1010,"[[ 0 71 96 ... 32 56 73]
 [23  0 29 ... 12 16 80]
 [65 70  0 ... 90 55 33]
 ...
 [ 9 10 33 ...  0 45  3]
 [ 0 60 47 ... 88  0  1]
 [62 77 39 ... 83 62  0]]",0.005765,0.005012
1020,"[[ 0 73 21 ... 63 57 84]
 [42  0 36 ... 95 80  2]
 [96  1  0 ... 64 44 50]
 ...
 [66 94 31 ...  0 10 71]
 [83 24 18 ... 64  0 19]
 [70 40 63 ... 33 12  0]]",0.006079,0.005109
1030,"[[ 0 16 24 ... 92 21 61]
 [73  0 45 ... 55 98 77]
 [77 56  0 ... 24  2 82]
 ...
 [47 17 81 ...  0 79 54]
 [48 57 28 ... 11  0 33]
 [76 92 71 ... 12 94  0]]",0.005903,0.004874
1040,"[[ 0 84  5 ...  9 73 93]
 [33  0 83 ... 62 25  4]
 [92 51  0 ...  1 80 97]
 ...
 [79 63 76 ...  0 37 86]
 [23 11 57 ... 42  0 29]
 [89 52 89 ...  7 15  0]]",0.005962,0.0048
1050,"[[ 0 21 38 ... 72 30 59]
 [99  0 60 ... 63 89  8]
 [10  2  0 ... 37 43 90]
 ...
 [23 17 64 ...  0 70 26]
 [40 60  1 ... 45  0  0]
 [22 44 78 ... 89 52  0]]",0.006318,0.004874
1060,"[[ 0 44 13 ... 37 71  3]
 [68  0  8 ... 29  4  4]
 [40 82  0 ... 15 90 59]
 ...
 [61 66 33 ...  0 39 12]
 [15 50 27 ... 75  0 49]
 [93 11 48 ... 30 94  0]]",0.005437,0.004856
1070,"[[ 0 92 47 ... 47 28 12]
 [95  0  2 ... 86 59 55]
 [54 63  0 ... 55 54 73]
 ...
 [81  5 93 ...  0 59  6]
 [43  8 69 ... 11  0 19]
 [ 9 49 91 ... 27 16  0]]",0.006283,0.005108
1080,"[[ 0 40 27 ... 50 44 97]
 [78  0 35 ... 48 91 88]
 [17 20  0 ... 44 29 64]
 ...
 [89 25 75 ...  0 92 47]
 [45 74  5 ... 83  0 80]
 [62 48 13 ... 90 89  0]]",0.0057,0.004783
1090,"[[ 0 90 63 ... 87 93 13]
 [88  0 64 ... 54 23 94]
 [68 76  0 ... 80 60 88]
 ...
 [59 77 14 ...  0 62 90]
 [73 58 26 ... 29  0 25]
 [29  6 70 ...  4 44  0]]",0.006842,0.005735
1100,"[[ 0  0 80 ... 36 45 54]
 [73  0 87 ... 76 31 88]
 [70 83  0 ... 43 31 30]
 ...
 [34 36 83 ...  0 82 87]
 [83 12 32 ... 92  0 97]
 [85 14 78 ... 10 59  0]]",0.006229,0.005321
1110,"[[ 0 63 75 ... 21 80 66]
 [88  0 31 ... 83 78 34]
 [21 19  0 ...  7 33 83]
 ...
 [88  7 87 ...  0 40 42]
 [11 10 98 ... 32  0 28]
 [ 0 61 51 ... 11 16  0]]",0.006951,0.005427
1120,"[[ 0 78 71 ... 57 17 10]
 [50  0 81 ... 69 32 16]
 [59 36  0 ... 40 30 96]
 ...
 [41 26 77 ...  0 87 60]
 [29 58 93 ... 78  0 39]
 [22 40 49 ... 19 58  0]]",0.007282,0.005676
1130,"[[ 0 15 94 ... 36 65 81]
 [ 1  0 22 ...  6 38 19]
 [ 2  4  0 ... 90 57 25]
 ...
 [39 57 54 ...  0 43  0]
 [22 63  9 ... 32  0 34]
 [44 18 98 ... 38 91  0]]",0.006794,0.005411
1140,"[[ 0 19 58 ... 97 77 56]
 [40  0 24 ... 75 24 21]
 [82 88  0 ... 44 79 29]
 ...
 [94 97 81 ...  0 73 91]
 [60 65 13 ... 75  0 29]
 [38 89 40 ... 86 55  0]]",0.007059,0.005454
1150,"[[ 0 28 99 ... 78 61 77]
 [73  0 36 ... 64 45 28]
 [13 86  0 ... 14 46 85]
 ...
 [36 75 14 ...  0 61 12]
 [18 50 44 ... 98  0 66]
 [98 53 22 ... 24 12  0]]",0.007341,0.006526
1160,"[[ 0 25 50 ...  2 10 78]
 [14  0 44 ...  8 82 15]
 [71 86  0 ... 24 77 59]
 ...
 [55 97 53 ...  0 78 27]
 [87 21 29 ... 48  0 61]
 [ 0 84 63 ... 58 87  0]]",0.007693,0.006407
1170,"[[ 0 78 71 ... 82 60  8]
 [39  0  8 ... 63 82  4]
 [63 29  0 ...  6 90 29]
 ...
 [65 66 94 ...  0 24 18]
 [49 35 15 ... 25  0 29]
 [46 46 38 ...  6 51  0]]",0.007538,0.006201
1180,"[[ 0 95 72 ... 89 54 70]
 [83  0  3 ... 19 85 30]
 [54 52  0 ... 27 92 49]
 ...
 [76 17 94 ...  0 13 12]
 [18 70 97 ... 47  0 42]
 [47 58 38 ... 10 77  0]]",0.007107,0.006233
1190,"[[ 0 56 27 ...  5 94 91]
 [85  0 41 ... 23 31 91]
 [93 30  0 ... 54 82 34]
 ...
 [18 11 20 ...  0 56 24]
 [35 95 85 ... 75  0 22]
 [44 23 68 ... 19 40  0]]",0.007327,0.00584
1200,"[[ 0 49 52 ...  1 26 87]
 [60  0 35 ... 30 12  9]
 [ 9  3  0 ... 86 92 89]
 ...
 [28 37 42 ...  0 12 10]
 [17 43 34 ... 31  0 18]
 [86 14 88 ...  7 70  0]]",0.007905,0.006593
1210,"[[ 0 30 99 ... 38 73  9]
 [ 3  0 90 ... 40  4 38]
 [63 99  0 ... 38 91 23]
 ...
 [56 61  1 ...  0  0 69]
 [12 69 51 ... 12  0  4]
 [26 52 27 ... 37  6  0]]",0.007855,0.006116
1220,"[[ 0 15 37 ... 12 66 55]
 [70  0 74 ... 41 19 55]
 [16  2  0 ... 98 46  5]
 ...
 [72 17 34 ...  0 97 24]
 [ 4 17 32 ... 13  0 33]
 [86 53  3 ... 66 62  0]]",0.008305,0.007201
1230,"[[ 0 96 85 ... 44 84 16]
 [49  0 98 ... 76 84 58]
 [62 28  0 ... 41 41 68]
 ...
 [60 98 62 ...  0 48  8]
 [ 4 57 30 ...  2  0 88]
 [92 81 87 ... 20 79  0]]",0.007918,0.008977
1240,"[[ 0 27 27 ... 35 72 79]
 [50  0  7 ...  2 33 81]
 [69 28  0 ... 65 25 16]
 ...
 [11 73 80 ...  0 16 85]
 [29 14 44 ... 81  0 72]
 [51 15 10 ... 55  2  0]]",0.008804,0.006792
1250,"[[ 0 61 14 ...  2  6 57]
 [75  0 61 ... 43 78 39]
 [75 87  0 ... 92 73 97]
 ...
 [67 47 25 ...  0 65  6]
 [78 31 89 ... 67  0 65]
 [15 73 19 ... 36 26  0]]",0.008962,0.006922
1260,"[[ 0 16 12 ... 56 39  9]
 [74  0 98 ... 15 80 83]
 [47 78  0 ... 88 19 95]
 ...
 [70 27 62 ...  0 50 16]
 [12 68 61 ... 83  0 43]
 [78 85 52 ... 97 29  0]]",0.008956,0.006949
1270,"[[ 0 67 94 ...  6  4  3]
 [ 5  0 28 ... 32 62 10]
 [42 12  0 ... 14 46 99]
 ...
 [70 64 84 ...  0 81 14]
 [96  7 77 ... 69  0 45]
 [50 71 69 ... 79  7  0]]",0.009278,0.007432
1280,"[[ 0 21 56 ... 30 77 56]
 [ 6  0 78 ... 92 81 34]
 [36 96  0 ... 90 28 15]
 ...
 [43 87 88 ...  0 67 57]
 [32 62 94 ... 37  0 49]
 [11 96 18 ... 50 63  0]]",0.009043,0.007135
1290,"[[ 0  9 47 ... 23 36 34]
 [62  0 50 ... 19 54 97]
 [52 54  0 ... 54  2 54]
 ...
 [46 69 70 ...  0 54 51]
 [27 86 56 ... 69  0 89]
 [ 2 90 13 ... 10 99  0]]",0.009086,0.006853
1300,"[[ 0 26 87 ... 51 76 77]
 [81  0 51 ... 93 29 15]
 [81 66  0 ... 40 78 36]
 ...
 [41 36 90 ...  0 20 47]
 [85 23 68 ... 61  0 92]
 [35 84 90 ... 70 57  0]]",0.008541,0.007206
1310,"[[ 0 18 51 ...  9 18 12]
 [61  0 68 ... 76 50 43]
 [17 90  0 ... 40 87 22]
 ...
 [93  5 46 ...  0 25 74]
 [63 19 74 ... 98  0 98]
 [63 92 47 ... 53 76  0]]",0.008451,0.007052
1320,"[[ 0 79 15 ... 75 80 81]
 [23  0 37 ... 81 97 51]
 [40 10  0 ...  2 26 70]
 ...
 [42 79 27 ...  0  5 80]
 [67  2 54 ... 18  0 42]
 [98 73 64 ... 92 48  0]]",0.009219,0.00778
1330,"[[ 0 47 32 ... 83 55  7]
 [70  0 95 ... 72 50 49]
 [50 38  0 ... 77 61 61]
 ...
 [52 38 22 ...  0 89 73]
 [49 55 54 ... 97  0 48]
 [90 33 28 ... 12 85  0]]",0.009768,0.007467
1340,"[[ 0 88 67 ... 89 87 24]
 [26  0 17 ... 87 14 26]
 [97 66  0 ... 20 11 82]
 ...
 [53 79 28 ...  0 59 21]
 [85 43 73 ... 16  0 56]
 [27 99 82 ... 15 22  0]]",0.009922,0.008165
1350,"[[ 0 38 38 ... 15 92 69]
 [56  0 13 ... 57 57 98]
 [25 62  0 ... 63 67 82]
 ...
 [87 19  0 ...  0  6 43]
 [82 27 73 ... 53  0 18]
 [ 4 15 19 ... 94 12  0]]",0.010219,0.008313
1360,"[[ 0 19 66 ... 69 96 24]
 [34  0  7 ... 35 86 90]
 [50 52  0 ... 75 28 83]
 ...
 [88 18 39 ...  0 87 78]
 [15 52  8 ... 99  0 75]
 [69 29 55 ... 62 25  0]]",0.010607,0.008116
1370,"[[ 0 47 30 ... 34 33 45]
 [ 7  0 19 ... 18 83 37]
 [87 62  0 ... 59 25 58]
 ...
 [13 91 10 ...  0 28 97]
 [95 81 89 ... 92  0 81]
 [ 8 58 39 ... 47 51  0]]",0.010427,0.008306
1380,"[[ 0  7  5 ... 94 31 77]
 [93  0 32 ... 55 16 17]
 [19 84  0 ... 90 34 63]
 ...
 [14 69 35 ...  0 82 20]
 [41 34 70 ... 13  0 19]
 [74 80 41 ... 58  6  0]]",0.010269,0.007817
1390,"[[ 0 44  0 ... 62 82 57]
 [ 5  0 40 ...  2 41 36]
 [32 20  0 ... 18 72 61]
 ...
 [49 47 51 ...  0 32 66]
 [69 23 48 ... 56  0 11]
 [ 9 24 20 ... 51 18  0]]",0.010978,0.008168
1400,"[[ 0 87 37 ... 61 86 73]
 [81  0 13 ... 34 18 24]
 [15 32  0 ... 79  0 41]
 ...
 [30 98 95 ...  0 36 89]
 [72 24 41 ... 36  0 80]
 [91  3 15 ... 67  2  0]]",0.010412,0.007994
1410,"[[ 0 65 91 ... 35 94 94]
 [99  0 30 ... 41 34 30]
 [ 5 97  0 ... 98 57  6]
 ...
 [34 86 43 ...  0 14 35]
 [98 47 13 ... 17  0  4]
 [ 3 94 34 ... 69 24  0]]",0.010355,0.009165
1420,"[[ 0 66  1 ... 84 70 18]
 [95  0 32 ... 31 29 38]
 [56 41  0 ... 90 27 85]
 ...
 [73 54 28 ...  0 14 65]
 [93 72 12 ... 26  0 52]
 [ 7 94 30 ... 46 35  0]]",0.011117,0.008483
1430,"[[ 0  8 91 ... 89 54 43]
 [34  0 17 ... 17 93 38]
 [48 70  0 ...  0 61 41]
 ...
 [23 29 50 ...  0 80 69]
 [66 93  0 ... 21  0  7]
 [ 8 91 13 ... 26 27  0]]",0.011659,0.010131
1440,"[[ 0 26 82 ... 13 21 34]
 [30  0 79 ... 50 93 80]
 [18 52  0 ... 71 95 32]
 ...
 [96 18 28 ...  0 80 56]
 [62 42 20 ... 82  0 19]
 [76 32 66 ... 47 38  0]]",0.011801,0.011293
1450,"[[ 0 38 99 ...  5  7 30]
 [14  0 28 ...  5 48 39]
 [10 74  0 ... 62 99 85]
 ...
 [80 67 25 ...  0 53  8]
 [31 61 31 ... 58  0 19]
 [45 53  2 ... 10  1  0]]",0.01195,0.01013
1460,"[[ 0 32 17 ... 24  6 44]
 [14  0 21 ... 93 29 45]
 [60 36  0 ... 29 55 55]
 ...
 [ 2 38 59 ...  0 32 92]
 [31  0 20 ...  3  0 52]
 [ 7 31 14 ... 95 97  0]]",0.012211,0.012728
1470,"[[ 0 97 41 ... 41 58 31]
 [92  0 36 ... 46 40 53]
 [92 39  0 ...  6 72  8]
 ...
 [11 76 49 ...  0 63 61]
 [14 14 61 ... 23  0 11]
 [93 45 50 ... 15 90  0]]",0.012327,0.009352
1480,"[[ 0 75 94 ... 13 94  2]
 [84  0 81 ... 69 96 91]
 [23 95  0 ... 31 53 68]
 ...
 [98 78 61 ...  0 48 99]
 [ 2 59  3 ... 56  0  3]
 [41 33 88 ... 93 48  0]]",0.011456,0.009095
1490,"[[ 0 70 95 ... 72 16 94]
 [15  0 53 ...  1  1 95]
 [55 32  0 ... 78 36 15]
 ...
 [11 76 14 ...  0  9 29]
 [13 48 17 ... 36  0 12]
 [24 39 90 ... 83 67  0]]",0.010941,0.009442
1500,"[[ 0  4 73 ... 42 78 54]
 [97  0 60 ...  5 34 48]
 [ 6 62  0 ... 29 43 69]
 ...
 [72 25 23 ...  0 93 10]
 [18 83 12 ... 96  0 18]
 [ 3 54 27 ...  1 18  0]]",0.011943,0.009075
1510,"[[ 0 96 12 ... 21 69  8]
 [84  0 77 ... 96 23 56]
 [17 92  0 ... 85 14 83]
 ...
 [76 11 74 ...  0 16 24]
 [81 97 27 ... 37  0 87]
 [33  4 24 ... 70 73  0]]",0.013389,0.011186
1520,"[[ 0 41 86 ... 42 84 49]
 [ 9  0 23 ... 25 57 71]
 [82 60  0 ...  9 87 44]
 ...
 [91 61 40 ...  0  3 33]
 [86 19 21 ... 25  0 22]
 [59 52 26 ... 15 78  0]]",0.013308,0.011504
1530,"[[ 0 82  7 ... 50 91 13]
 [82  0 90 ... 71 20 35]
 [87 60  0 ... 83 15 56]
 ...
 [48 79 46 ...  0 63 32]
 [30 19 60 ... 21  0 85]
 [ 6 11 33 ... 13 56  0]]",0.013407,0.011161
1540,"[[ 0 42 80 ... 10 61 77]
 [69  0 23 ... 39 88 16]
 [52 46  0 ... 65 51 28]
 ...
 [41 23 95 ...  0 31 72]
 [69 58 45 ... 96  0 59]
 [20 41 77 ... 33 11  0]]",0.01348,0.011018
1550,"[[ 0 80 71 ... 89  3 16]
 [30  0 23 ... 80 79 53]
 [42  3  0 ... 64 31 56]
 ...
 [38 93 60 ...  0 96  8]
 [34 53 41 ...  0  0 93]
 [74 52 91 ... 93 22  0]]",0.013615,0.010227
1560,"[[ 0 21 95 ... 31 59  0]
 [28  0 80 ... 45 40 68]
 [12 65  0 ... 85 81 29]
 ...
 [41 26 89 ...  0 95 79]
 [17 13 90 ... 70  0 18]
 [30 18 21 ... 89 79  0]]",0.01404,0.011565
1570,"[[ 0 91 90 ...  8 54 14]
 [83  0 10 ... 78 72 78]
 [ 7 95  0 ...  1 25 70]
 ...
 [81 13 30 ...  0 99 66]
 [32 26  7 ... 38  0 57]
 [69 35  6 ... 78 73  0]]",0.013144,0.010204
1580,"[[ 0 52 88 ... 86  9 24]
 [26  0  1 ... 99 59 88]
 [74 76  0 ... 15 81 77]
 ...
 [ 8 30  7 ...  0 65 64]
 [72 86 93 ... 65  0 96]
 [69  6 15 ... 94 42  0]]",0.013273,0.010059
1590,"[[ 0 12 95 ... 82 18 39]
 [ 6  0 27 ... 66 69  5]
 [ 3 91  0 ... 22 47 17]
 ...
 [58  9 35 ...  0 87 63]
 [ 1 95 71 ...  4  0 87]
 [46  2 66 ... 75 27  0]]",0.013117,0.01042
1600,"[[ 0 67 61 ... 43 20 63]
 [13  0 71 ... 96 72  1]
 [41 25  0 ...  1 36 20]
 ...
 [15  1  1 ...  0 37 46]
 [20 35 39 ...  3  0 98]
 [ 6 72 38 ... 92 48  0]]",0.014433,0.010544
1610,"[[ 0 80 49 ... 33 85 98]
 [ 4  0 98 ... 21  0 19]
 [36 97  0 ... 34 91  6]
 ...
 [20 86 30 ...  0 42 43]
 [80 34 39 ... 29  0 36]
 [40 70 47 ... 97 95  0]]",0.013966,0.013357
1620,"[[ 0 12 63 ... 85 88  0]
 [15  0 11 ... 57 76 15]
 [81 33  0 ...  5  6 56]
 ...
 [80 66 92 ...  0 67  4]
 [42 91 64 ... 65  0 83]
 [42 16 84 ... 30 19  0]]",0.01526,0.011743
1630,"[[ 0 87 62 ... 71 59  7]
 [60  0 35 ... 11 57 54]
 [57 96  0 ... 41 92 52]
 ...
 [68 34 10 ...  0 33 54]
 [68 43 52 ... 73  0 79]
 [80  5 31 ... 84 75  0]]",0.012856,0.011308
1640,"[[ 0 55 46 ... 77 49  9]
 [ 4  0 12 ... 97 24 25]
 [94  2  0 ...  4 56 28]
 ...
 [27 35 88 ...  0 32 50]
 [24 45 88 ... 93  0 35]
 [51 38 12 ... 52  8  0]]",0.013579,0.011376
1650,"[[ 0 36 51 ... 73 83 24]
 [48  0 42 ... 61 69 37]
 [99 29  0 ... 64 62 19]
 ...
 [77 12 83 ...  0 64 42]
 [16 71 51 ... 58  0 53]
 [62 44 48 ... 28 12  0]]",0.014992,0.011751
1660,"[[ 0 39 70 ...  3 90 80]
 [65  0 23 ... 74 90 88]
 [98 29  0 ... 43 74 62]
 ...
 [ 7 94 84 ...  0  9 63]
 [ 9 37  9 ... 38  0 92]
 [33 18 38 ... 35  5  0]]",0.014805,0.011878
1670,"[[ 0 78 55 ... 49 61  8]
 [76  0 82 ... 32 81 17]
 [20 98  0 ... 39  0 18]
 ...
 [20 93 73 ...  0 44 76]
 [38 24 97 ... 16  0 86]
 [84  2  4 ... 39 72  0]]",0.014835,0.012079
1680,"[[ 0  5 11 ... 54 76 29]
 [68  0 60 ... 58  7 81]
 [11 91  0 ... 81 66 58]
 ...
 [ 6 80 51 ...  0 79 60]
 [ 6 92  9 ... 56  0 79]
 [28 49 87 ... 84 69  0]]",0.016922,0.014601
1690,"[[ 0 78 54 ...  6 75 43]
 [53  0 64 ... 68 29 13]
 [30 53  0 ... 61 59 96]
 ...
 [36  1 57 ...  0  3 11]
 [47 96 42 ... 52  0  5]
 [55 78 15 ... 37 91  0]]",0.016435,0.014069
1700,"[[ 0 39 17 ... 66  0 67]
 [ 0  0 61 ... 89 93 88]
 [45 49  0 ... 45 31 34]
 ...
 [26 46 18 ...  0 28 55]
 [ 4 14 54 ... 54  0  1]
 [28 79 48 ... 11 73  0]]",0.017017,0.014622
1710,"[[ 0 31 19 ... 75 86 54]
 [65  0 88 ...  0 42 58]
 [67 57  0 ...  5 87 18]
 ...
 [74 46 46 ...  0 78 80]
 [ 1 91 69 ... 38  0 31]
 [63 71 79 ... 33 28  0]]",0.015475,0.012747
1720,"[[ 0 38 92 ... 11  2 51]
 [33  0 21 ... 81 20 72]
 [95 70  0 ... 66 33 88]
 ...
 [93 12  9 ...  0 98 27]
 [70 73 35 ... 69  0 53]
 [ 4 90 93 ... 67 66  0]]",0.016039,0.013099
1730,"[[ 0  6 77 ... 87 76 61]
 [27  0 32 ... 11 59 12]
 [27 30  0 ... 28  2 93]
 ...
 [14 69 50 ...  0 37  6]
 [17  8 66 ... 68  0 54]
 [24 18 79 ... 90 88  0]]",0.017975,0.016217
1740,"[[ 0 36 42 ... 23 17 51]
 [84  0 98 ... 28 16 82]
 [82 41  0 ... 98 14 55]
 ...
 [97 14 72 ...  0 41 88]
 [55 13  5 ... 55  0 56]
 [93  7 73 ... 94 40  0]]",0.017338,0.014867
1750,"[[ 0 42 10 ... 93  0 29]
 [23  0 37 ... 88 76 67]
 [80 77  0 ... 68 13 90]
 ...
 [74 19 68 ...  0 25 90]
 [25 77 33 ... 75  0 46]
 [22 57 91 ... 53 50  0]]",0.017907,0.014538
1760,"[[ 0 17 40 ... 26 78 94]
 [25  0 90 ... 16 34 64]
 [67 41  0 ... 92 60 75]
 ...
 [38 63 36 ...  0 73 69]
 [52 48  2 ... 65  0 68]
 [41 67 24 ... 50 64  0]]",0.017552,0.014279
1770,"[[ 0 81 14 ... 56 28 46]
 [81  0 33 ... 12 87 15]
 [22 70  0 ... 15 22 39]
 ...
 [79 48 66 ...  0  3 85]
 [42 37  1 ... 78  0 83]
 [47  6 72 ...  9 37  0]]",0.016501,0.013204
1780,"[[ 0 74  4 ... 23 85 33]
 [50  0 79 ... 72 70 45]
 [96 75  0 ... 90 37 20]
 ...
 [19 73  8 ...  0 68 70]
 [62 15 76 ... 98  0 78]
 [68 21 77 ... 61 13  0]]",0.016483,0.013931
1790,"[[ 0 52 62 ... 99 54 21]
 [74  0 62 ... 98 42 94]
 [54 29  0 ...  9 26 98]
 ...
 [97 41 87 ...  0 57 78]
 [57 89 73 ... 32  0 20]
 [77 75 23 ... 93 41  0]]",0.016502,0.013807
1800,"[[ 0 85 78 ...  5 10 93]
 [46  0 53 ... 65 78  8]
 [88 33  0 ... 30 45 88]
 ...
 [97 55 76 ...  0 30 73]
 [ 1 78 98 ...  2  0 85]
 [53 83 70 ...  7 99  0]]",0.025547,0.016543
1810,"[[ 0  2 12 ... 20 82 53]
 [13  0 69 ... 60 59 86]
 [21 94  0 ... 89 33  2]
 ...
 [85 38 98 ...  0 99 24]
 [10 72 77 ... 61  0 96]
 [38 74 12 ... 41 28  0]]",0.019266,0.015643
1820,"[[ 0 70 41 ... 80  1 73]
 [95  0 33 ... 42 37 34]
 [42 92  0 ... 76 65 34]
 ...
 [13 56 47 ...  0  1 39]
 [16 70 15 ... 15  0 24]
 [98 44  5 ... 28  0  0]]",0.018798,0.014152
1830,"[[ 0 12 33 ... 68  4  0]
 [13  0 18 ... 37 59 38]
 [76 88  0 ... 55  8 97]
 ...
 [11 61 80 ...  0 17 40]
 [70 42 38 ... 97  0 28]
 [15 60 61 ... 30 31  0]]",0.01845,0.015564
1840,"[[ 0 10  6 ... 44 92 58]
 [87  0 85 ... 20 26 94]
 [68 13  0 ... 83 73 60]
 ...
 [40  0  3 ...  0  3 59]
 [36  2 98 ... 48  0 69]
 [27  7 66 ... 16 27  0]]",0.02045,0.016424
1850,"[[ 0 92 42 ... 61 73 87]
 [46  0 87 ... 66 93 65]
 [ 5 59  0 ... 10 66 16]
 ...
 [43 81 54 ...  0 91 44]
 [ 4 52 28 ... 37  0 78]
 [91 25 96 ... 99 79  0]]",0.019096,0.015929
1860,"[[ 0 44 65 ... 87 89 64]
 [96  0 32 ... 50 24 29]
 [81  3  0 ... 96 69 90]
 ...
 [76 51 66 ...  0 50  2]
 [76 76 96 ... 68  0 62]
 [22 41 75 ... 33 79  0]]",0.018565,0.015249
1870,"[[ 0 24 14 ... 74  7 90]
 [80  0 51 ... 19 23  4]
 [40 21  0 ... 21 82  8]
 ...
 [57 44 64 ...  0 48 26]
 [99  5 31 ... 38  0 35]
 [89 86 15 ... 44  4  0]]",0.018752,0.014808
1880,"[[ 0 74 58 ... 88  7 26]
 [31  0  4 ... 77 98 95]
 [54  3  0 ... 53 11  1]
 ...
 [28 10 32 ...  0  1 78]
 [18 27 55 ... 72  0 86]
 [57 46 29 ... 26 19  0]]",0.019727,0.015545
1890,"[[ 0 80 56 ... 95 76 62]
 [78  0 89 ... 45 56 85]
 [39 13  0 ...  1 22 22]
 ...
 [38 63 61 ...  0 90 28]
 [61  6 36 ... 39  0 53]
 [41 85 68 ... 17 14  0]]",0.02071,0.016379
1900,"[[ 0 77 32 ...  9 79 58]
 [86  0 62 ... 34 65 21]
 [52 12  0 ... 76 80  9]
 ...
 [83 84 83 ...  0 48 41]
 [88 50 73 ... 55  0 26]
 [95 84 45 ... 16 51  0]]",0.018796,0.015637
1910,"[[ 0 56 59 ... 64 93 91]
 [87  0 71 ... 80  6  0]
 [20 90  0 ... 78 85 37]
 ...
 [70 52 79 ...  0  8 42]
 [92 48 85 ...  4  0 65]
 [43 85 78 ... 51 99  0]]",0.020732,0.015925
1920,"[[ 0 38 94 ... 34 44 89]
 [63  0 92 ... 54 26 16]
 [85 65  0 ... 43 95 47]
 ...
 [94  8 14 ...  0 53 20]
 [47  4 40 ... 63  0 58]
 [38  3  9 ... 75 71  0]]",0.020113,0.016047
1930,"[[ 0 75 19 ... 68 60 44]
 [10  0 30 ... 55 77 66]
 [44  5  0 ... 28  9 14]
 ...
 [18 71 69 ...  0 25 49]
 [16 41 43 ... 84  0 33]
 [89 99 88 ...  3 72  0]]",0.021127,0.016326
1940,"[[ 0 97 89 ... 69 21 93]
 [36  0 50 ... 43 88  5]
 [47 84  0 ... 29 27 24]
 ...
 [36 26 69 ...  0 88 42]
 [80 19 91 ... 91  0 51]
 [28  8 64 ... 15 64  0]]",0.02131,0.017834
1950,"[[ 0 96  8 ... 92 57 60]
 [63  0 32 ... 22 96 31]
 [80  0  0 ... 27  8 52]
 ...
 [57 58 32 ...  0 69 60]
 [15 21 88 ... 13  0 63]
 [ 6 75 51 ... 91  9  0]]",0.020364,0.016571
1960,"[[ 0 20 68 ... 59  2 67]
 [50  0 52 ... 34 60 11]
 [18 77  0 ... 34 11 23]
 ...
 [59 31 71 ...  0 72 24]
 [ 7 45 88 ...  4  0 78]
 [52 19 53 ...  9 31  0]]",0.022107,0.01669
1970,"[[ 0 56 37 ... 20 44  4]
 [57  0 37 ... 31 66 41]
 [49 71  0 ... 16  8  3]
 ...
 [38 70 15 ...  0 46 38]
 [82 71 57 ... 33  0 97]
 [56 64 40 ... 92 67  0]]",0.022264,0.019917
1980,"[[ 0 81 59 ... 69 26 29]
 [70  0 84 ... 24 76 16]
 [80 65  0 ... 84 92 62]
 ...
 [19 84 45 ...  0 76 16]
 [39 35 24 ... 71  0 57]
 [27 88 81 ... 14 72  0]]",0.022754,0.020168
1990,"[[ 0 45 43 ... 61 45 99]
 [91  0 78 ... 79  8 79]
 [72 84  0 ... 25 46 14]
 ...
 [15 10 98 ...  0 77 78]
 [90 13 43 ... 63  0 83]
 [83 92 83 ... 78 93  0]]",0.022518,0.019746
2000,"[[ 0 99 16 ...  6 90 80]
 [45  0 51 ... 11 57 39]
 [19  0  0 ... 76 23 24]
 ...
 [71 38 62 ...  0 65 63]
 [ 6 58 80 ... 99  0 73]
 [66 34  8 ... 13 33  0]]",0.022986,0.019453
